autoconf	2.72-3.1	all
automake	1:1.17-4	all
autotools-dev	20240727.1	all
binutils-common	2.44-3	amd64
binutils-x86-64-linux-gnu	2.44-3	amd64
binutils	2.44-3	amd64
bison	2:3.8.2+dfsg-1+b2	amd64
clang-19	1:19.1.7-3+b1	amd64
clang	1:19.0-63	amd64
cmake-data	3.31.6-2	all
cmake	3.31.6-2	amd64
cpp-14-x86-64-linux-gnu	14.2.0-19	amd64
cpp-14	14.2.0-19	amd64
cpp-x86-64-linux-gnu	4:14.2.0-1	amd64
cpp	4:14.2.0-1	amd64
debconf	1.5.91	all
debianutils	5.23.2	amd64
dpkg	1.22.22	amd64
file	1:5.46-5	amd64
flex	2.6.4-8.2+b4	amd64
gcc-14-base	14.2.0-19	amd64
gcc-14-x86-64-linux-gnu	14.2.0-19	amd64
gcc-14	14.2.0-19	amd64
gcc-x86-64-linux-gnu	4:14.2.0-1	amd64
gcc	4:14.2.0-1	amd64
glslang-tools	15.1.0+1.4.309.0-1	amd64
gperf	3.2.1-1	amd64
init-system-helpers	1.69~deb13u1	all
libacl1	2.3.2-2+b1	amd64
libarchive13t64	3.7.4-4+deb13u1	amd64
libasan8	14.2.0-19	amd64
libatomic1	14.2.0-19	amd64
libbinutils	2.44-3	amd64
libbrotli1	1.1.0-2+b7	amd64
libbsd0	0.12.2-2	amd64
libbz2-1.0	1.0.8-6	amd64
libc-dev-bin	2.41-12+deb13u4	amd64
libc6-dev	2.41-12+deb13u4	amd64
libc6	2.41-12+deb13u4	amd64
libcap2	1:2.75-10+deb13u1+b3	amd64
libcc1-0	14.2.0-19	amd64
libclang-common-19-dev	1:19.1.7-3+b1	amd64
libclang-cpp19	1:19.1.7-3+b1	amd64
libclang1-19	1:19.1.7-3+b1	amd64
libcom-err2	1.47.2-3+b12	amd64
libcrypt-dev	1:4.4.38-1	amd64
libcrypt1	1:4.4.38-1	amd64
libctf-nobfd0	2.44-3	amd64
libctf0	2.44-3	amd64
libcurl4t64	8.14.1-2+deb13u5	amd64
libdb5.3t64	5.3.28+dfsg2-9	amd64
libedit2	3.1-20250104-1	amd64
libexpat1	2.8.3-1~deb13u1	amd64
libffi8	3.4.8-2	amd64
libgc1	1:8.2.8-1	amd64
libgcc-14-dev	14.2.0-19	amd64
libgcc-s1	14.2.0-19	amd64
libgdbm-compat4t64	1.24-2	amd64
libgdbm6t64	1.24-2	amd64
libgmp10	2:6.3.0+dfsg-3	amd64
libgnutls30t64	3.8.9-3+deb13u4	amd64
libgomp1	14.2.0-19	amd64
libgprofng0	2.44-3	amd64
libgssapi-krb5-2	1.21.3-5+deb13u1	amd64
libhogweed6t64	3.10.1-1	amd64
libhwasan0	14.2.0-19	amd64
libidn2-0	2.3.8-2	amd64
libisl23	0.27-1	amd64
libitm1	14.2.0-19	amd64
libjansson4	2.14-2+b3	amd64
libjsoncpp26	1.9.6-3	amd64
libk5crypto3	1.21.3-5+deb13u1	amd64
libkeyutils1	1.6.3-6	amd64
libkrb5-3	1.21.3-5+deb13u1	amd64
libkrb5support0	1.21.3-5+deb13u1	amd64
libldap2	2.6.10+dfsg-1	amd64
libllvm19	1:19.1.7-3+b1	amd64
liblsan0	14.2.0-19	amd64
liblz4-1	1.10.0-4	amd64
liblzma5	5.8.1-1+deb13u1	amd64
libmagic-mgc	1:5.46-5	amd64
libmagic1t64	1:5.46-5	amd64
libmd0	1.1.0-2+b1	amd64
libmpc3	1.3.1-1+b3	amd64
libmpfr6	4.2.2-1	amd64
libncursesw6	6.5+20250216-2	amd64
libnettle8t64	3.10.1-1	amd64
libnghttp2-14	1.64.0-1.1+deb13u1	amd64
libnghttp3-9	1.8.0-1	amd64
libobjc-14-dev	14.2.0-19	amd64
libobjc4	14.2.0-19	amd64
libp11-kit0	0.25.5-3	amd64
libpcre2-8-0	10.46-1~deb13u2	amd64
libperl5.40	5.40.1-6+deb13u1	amd64
libpopt0	1.19+dfsg-2	amd64
libproc2-0	2:4.0.4-9	amd64
libpsl5t64	0.21.2-1.1+b1	amd64
libpython3-stdlib	3.13.5-1	amd64
libpython3.13-minimal	3.13.5-2+deb13u5	amd64
libpython3.13-stdlib	3.13.5-2+deb13u5	amd64
libquadmath0	14.2.0-19	amd64
libreadline8t64	8.2-6	amd64
librhash1	1.4.5-1	amd64
librtmp1	2.4+20151223.gitfa8646d.1-2+b5	amd64
libsasl2-2	2.1.28+dfsg1-9	amd64
libsasl2-modules-db	2.1.28+dfsg1-9	amd64
libselinux1	3.8.1-1	amd64
libsframe1	2.44-3	amd64
libsqlite3-0	3.46.1-7+deb13u2	amd64
libssh2-1t64	1.11.1-1+deb13u2	amd64
libssl3t64	3.5.7-1~deb13u2	amd64
libstdc++-14-dev	14.2.0-19	amd64
libstdc++6	14.2.0-19	amd64
libsystemd0	257.13-1~deb13u1	amd64
libtasn1-6	4.20.0-2+deb13u1	amd64
libtinfo6	6.5+20250216-2	amd64
libtool	2.5.4-4	all
libtsan2	14.2.0-19	amd64
libubsan1	14.2.0-19	amd64
libunistring5	1.3-2	amd64
libuuid1	2.41.5-0+deb13u1	amd64
libuv1t64	1.50.0-2	amd64
libvulkan-dev	1.4.309.0-1	amd64
libvulkan1	1.4.309.0-1	amd64
libxml2	2.12.7+dfsg+really2.9.14-2.1+deb13u3	amd64
libxxhash0	0.8.3-2	amd64
libz3-4	4.13.3-1	amd64
libzstd1	1.5.7+dfsg-1	amd64
linux-libc-dev	6.12.107-1	all
llvm-19-linker-tools	1:19.1.7-3+b1	amd64
m4	1.4.19-8	amd64
media-types	13.0.0	all
meson	1.7.0-1	all
netbase	6.5	all
ninja-build	1.12.1-1	amd64
openssl-provider-legacy	3.5.7-1~deb13u2	amd64
perl-base	5.40.1-6+deb13u1	amd64
perl-modules-5.40	5.40.1-6+deb13u1	all
perl	5.40.1-6+deb13u1	amd64
procps	2:4.0.4-9	amd64
python3-autocommand	2.2.2-3	all
python3-inflect	7.3.1-2	all
python3-jaraco.context	6.0.1-1+deb13u1	all
python3-jaraco.functools	4.1.0-1	all
python3-jaraco.text	4.0.0-1	all
python3-minimal	3.13.5-1	amd64
python3-more-itertools	10.7.0-1	all
python3-pkg-resources	78.1.1-0.1	all
python3-setuptools	78.1.1-0.1	all
python3-typeguard	4.4.2-1	all
python3-typing-extensions	4.13.2-1	all
python3-zipp	3.21.0-1	all
python3.13-minimal	3.13.5-2+deb13u5	amd64
python3.13	3.13.5-2+deb13u5	amd64
python3	3.13.5-1	amd64
readline-common	8.2-6	all
rpcsvc-proto	1.4.3-1	amd64
rsync	3.4.1+ds1-5+deb13u4	amd64
spirv-tools	2025.1~rc1-1	amd64
tar	1.35+dfsg-3.1	amd64
tzdata	2026c-0+deb13u1	all
zlib1g	1:1.3.dfsg+really1.3.1-1+b1	amd64
